"ambertaylo","MH2BQIN2eTlD","Amber","Taylor","Birch Court","Houston, TX 77002"
"stanimirab","PoyqBgT88NYv","Stanimir","Abramovi","Willow Lane","Nashville, TN 37201"
"annielynch","yZdtERnHmveh","Annie","Lynch","Chestnut St","Orlando, FL 32801"
"abderrahma","tK4CojZxHoVw","Abderrahmane","Loomans","Sunset Blvd","Orlando, FL 32801"
"glencarr","X4m6yVtt8MKP","Glen","Carr","Main St","Kansas City, MO 64101"
"laurinthom","diBczk0YmoU3","Laurin","Thomas","Valley View","Denver, CO 80201"
"gabrielaca","UEBR2c0QqYGP","Gabriela","Candelaria","Valley View","Columbus, OH 43201"
"ottoarola","vXrnq4zSopL1","Otto","Arola","Valley View","Dallas, TX 75201"
"ashermoore","gYhyPOPfrG43","Asher","Moore","Pine Street","Seattle, WA 98101"
"meeraparre","yaEXoFXri599","Meera","Parren","Sunnyhill Ln","Miami, FL 33101"
"reginacarr","elOMxZhryfWp","Regina","Carroll","Brookside Ave","New York, NY 10001"
"gonzalorub","Q7051S7QhTz1","Gonzalo","Rubio","Sunnyhill Ln","Raleigh, NC 27601"
"yaelaubert","8lBLlvKHuQtg","Yael","Aubert","Parkside Dr","Denver, CO 80201"
"vaishnavip","h0tmkuRVlDlb","Vaishnavi","Prajapati","Sunnyhill Ln","Chicago, IL 60614"
"mohamedlys","7XqBU8aXyefe","Mohamed","Lysgrd","Elmwood Dr","New York, NY 10001"
"dawnsander","n9xmWgxXA9j9","Dawn","Sanders","Ridgeway Dr","Portland, OR 97201"
"masonlavig","zmeicC4X4nMV","Mason","Lavigne","Canyon Rd","Kansas City, MO 64101"
"erenayka","TjitQio0uVmA","Eren","Ayka","Evergreen Terrace","San Diego, CA 92101"
"adonilocos","aLuKriRICdNv","Adonilo","Costa","Pine Street","Orlando, FL 32801"
"amparolp","24x1ooMRWijA","Amparo","Lpez","Canyon Rd","Los Angeles, CA 90001"
"deepakguga","XeADxZi8QkDY","Deepak","Gugale","Evergreen Terrace","San Francisco, CA 94110"
"fernandoga","YSP5yH0pDYA9","Fernando","Gallegos","Elmwood Dr","San Francisco, CA 94110"
"hollybrown","J7CJJ0ePtopq","Holly","Brown","Evergreen Terrace","San Diego, CA 92101"
"lidialva","focgoVgB0iZ0","Lidia","lvarez","Valley View","Columbus, OH 43201"
"davidgauth","tawEveYHJhyX","David","Gauthier","Pine Street","New York, NY 10001"
"shakirange","OynDk7NzRwpg","Shakir","Angela","Main St","Philadelphia, PA 19101"
"allanmason","tXtttUzQqLoH","Allan","Mason","Pine Street","Charlotte, NC 28201"
"sapthashre","VE4HYHHNabcY","Sapthashree","Vernekar","Maple Ave","Denver, CO 80201"
"solomiyagl","mFNirQdUNpoz","Solomiya","Gladchuk","Riverside Lane","Atlanta, GA 30301"
"louisbrun","fXwbuFe0HC2Y","Louis","Brun","Pine Street","Chicago, IL 60614"
"karlaskotn","tq5x5Y9W9ngr","Karla","Skotnes","Spruce Way","Austin, TX 73301"
"yashikamat","pQ7qlWnAsJgi","Yashika","Mathew","Willow Lane","Denver, CO 80201"
"sannikorpe","NzomnKnhQnAq","Sanni","Korpela","Elmwood Dr","Phoenix, AZ 85001"
"okanalna","YYq9WzITdk0q","Okan","Alnak","Highland Rd","Chicago, IL 60614"
"madisonnic","9d8LOkUFAs0H","Madison","Nichols","Orchard St","Denver, CO 80201"
"terezakiko","5cQsqxaMb191","Tereza","Kikot","Elmwood Dr","Chicago, IL 60614"
"clorenar","cR67IutgXiqj","Clo","Renard","Riverside Lane","San Diego, CA 92101"
"jerrypalme","B3eH4zvT4ZsU","Jerry","Palmer","Elmwood Dr","Salt Lake City, UT 84101"
"orinderchi","7GaeuVlRi6Ku","Orinder","Chiplunkar","Birch Court","Boston, MA 02108"
"harveycoop","xpFBxAz7bOgm","Harvey","Cooper","Chestnut St","San Francisco, CA 94110"
"estebansan","pYkFWALPQKSt","Esteban","Santilln","Canyon Rd","Las Vegas, NV 89101"
"villadsand","yfXdlPyNJ90r","Villads","Andersen","Sunset Blvd","Kansas City, MO 64101"
"federicomo","3XfjMIFzKmao","Federico","Moreau","Maple Ave","New York, NY 10001"
"natalievan","q1bc3So6BgrL","Natalie","VanEersel","Lake Shore Dr","Las Vegas, NV 89101"
"laetitiagu","F3jymgL8sjVz","Laetitia","Guerin","Highland Rd","Salt Lake City, UT 84101"
"evymastenb","f4v7vjuJKKu4","Evy","Mastenbroek","Sunnyhill Ln","Columbus, OH 43201"
"alanadams","WoaxCUHP672M","Alan","Adams","Elmwood Dr","Chicago, IL 60614"
"candelatei","0sNful4uZ9gE","Candela","Teixeira","Lake Shore Dr","Dallas, TX 75201"
"joselinoba","iTdaRq2lHBp8","Joselino","Barros","Lake Shore Dr","Phoenix, AZ 85001"
"minaivkov","hjHj4dvb0oh6","Mina","Ivkov","Evergreen Terrace","Chicago, IL 60614"
