"milanspaji","afWMXAFwxVsU","Milan","Spaji","Spruce Way","Salt Lake City, UT 84101"
"mollyford","w8ZWNPIi7V97","Molly","Ford","Forest Ave","Minneapolis, MN 55401"
"pahalgamsk","hMo4Smvh7ktB","Pahal","Gamskar","Main St","Chicago, IL 60614"
"mlissani","HjGHJt28UzpS","Mlissa","Nicolas","Parkside Dr","New York, NY 10001"
"derekortiz","yCxU0Id2u4lD","Derek","Ortiz","Evergreen Terrace","San Francisco, CA 94110"
"antonolsen","f6Z0qKqMhekN","Anton","Olsen","Highland Rd","Las Vegas, NV 89101"
"mathiasj","ZZeGrislC4Vj","Mathias","Jrgensen","Lake Shore Dr","Raleigh, NC 27601"
"oliverambr","QACs78NAexhy","Oliver","Ambrose","Birch Court","Los Angeles, CA 90001"
"leevipieti","B7pR9Ln0cdRw","Leevi","Pietila","Forest Ave","Los Angeles, CA 90001"
"julianholt","B5rbrDaXTeWV","Julian","Holt","Ridgeway Dr","Seattle, WA 98101"
"krasnolika","CVVHY76qAybm","Krasnolika","Lukyanenko","Main St","Minneapolis, MN 55401"
"tiffanyday","tgqi3SAoQ3BF","Tiffany","Day","Highland Rd","Atlanta, GA 30301"
"ahmetakar","ncclu1u3mNw3","Ahmet","Akar","Sunset Blvd","Philadelphia, PA 19101"
"stephanier","BJiaD6L569mW","Stephanie","Reynolds","Highland Rd","Miami, FL 33101"
"sylviawalk","UKIdolISGCYc","Sylvia","Walker","Highland Rd","Atlanta, GA 30301"
"zsuaky","LhTqmtnTD6KG","zsu","Akyz","Chestnut St","Chicago, IL 60614"
"hredhaanku","ZXXQqLtUC9Jg","Hredhaan","Kulkarni","Meadow Lane","Portland, OR 97201"
"rasmusmads","wUgHe7W4ap2s","Rasmus","Madsen","Lake Shore Dr","Kansas City, MO 64101"
"albertoroj","er8jFab0BFN0","Alberto","Rojas","Chestnut St","Kansas City, MO 64101"
"rickpayne","oftizJpHg0CU","Rick","Payne","Maple Ave","Columbus, OH 43201"
"edithalvar","DEq3Fy5SFtnd","Edith","Alvarez","Orchard St","Las Vegas, NV 89101"
"rafayilant","6ti9XFLejHdc","Rafayil","Antkiv","Sunset Blvd","Seattle, WA 98101"
"margaritab","A4HCpza5DKNf","Margarita","Bruning","Spruce Way","Salt Lake City, UT 84101"
"darinagovd","tkLIuifPyO4R","Darina","Govdya","Canyon Rd","San Diego, CA 92101"
"charlinedu","I2oeTqRGFi5E","Charline","Dufour","Ridgeway Dr","Salt Lake City, UT 84101"
"billcaldwe","gr0GV0wOLrDJ","Bill","Caldwell","Chestnut St","Columbus, OH 43201"
"maelyarey","UbT9MaGfxrQI","Maelya","Rey","Evergreen Terrace","Nashville, TN 37201"
"tammyjohns","AeB0wN0eAgSd","Tammy","Johnson","Hilltop Road","San Diego, CA 92101"
"aubreytayl","XNXCan4NnZAo","Aubrey","Taylor","Elmwood Dr","Orlando, FL 32801"
"altivafoga","n0cqZXKual23","Altiva","Fogaa","Forest Ave","Columbus, OH 43201"
"edwardchen","tE8JZvSdHpnJ","Edward","Chen","Sunnyhill Ln","Boston, MA 02108"
"harrietrob","RdlcNll221ws","Harriet","Robinson","Canyon Rd","Denver, CO 80201"
"maddisonwo","iq2Vwv3kOP4U","Maddison","Wood","Parkside Dr","Miami, FL 33101"
"eduardoort","dcUXgOtt9UPL","Eduardo","Ortega","Highland Rd","San Francisco, CA 94110"
"estereidet","Nf7NAUHs3sPn","Ester","Eidet","Brookside Ave","Dallas, TX 75201"
"avksentiyl","RTsdfhFyoySW","Avksentiy","Leskiv","Meadow Lane","Minneapolis, MN 55401"
"vincentliu","CvSHAAioNMxz","Vincent","Liu","Orchard St","Portland, OR 97201"
"charlinefa","AWgqtMKH1CTT","Charline","Fabre","Main St","Miami, FL 33101"
"theogagn","kBF7YARRrYdl","Theo","Gagn","Orchard St","Atlanta, GA 30301"
"akselihein","XBbKFQnz1I6o","Akseli","Heino","Cedar Avenue","Los Angeles, CA 90001"
"alicesmith","sNNT90qqIDZR","Alice","Smith","Brookside Ave","Chicago, IL 60614"
"madeleineb","yaULvIT8Rayn","Madeleine","Brown","Willow Lane","Denver, CO 80201"
"royday","aKDYUsuFrfb6","Roy","Day","Evergreen Terrace","Atlanta, GA 30301"
"nachiketpr","VmL4VCNRGYiD","Nachiket","Prabhakaran","Sunset Blvd","Kansas City, MO 64101"
"aurlieme","bNhc0MkMJ9TH","Aurlie","Mercier","Hilltop Road","New York, NY 10001"
"justingrew","rgw1VGtLwu9J","Justin","Grewal","Sunnyhill Ln","Chicago, IL 60614"
"nurdanak","MoZwpLJP22XS","Nurdan","Akit","Parkside Dr","Atlanta, GA 30301"
"frederikke","pKxx32dqKp8o","Frederikke","Kristensen","Pine Street","Austin, TX 73301"
"juanmoreno","52I3GLX8RkV3","Juan","Moreno","Birch Court","Portland, OR 97201"
"marcusbrya","EMywl9cewPnG","Marcus","Bryant","Chestnut St","Charlotte, NC 28201"
