username,password,firstName,lastName,address1,address2
gatusilgoc,xiwdszzz01ak,Gatusil,Gocko,Cedar Avenue,Los Angeles CA 90001
osriocar,AK1P7cFZnWgs,Osrio,Carvalho,Oakwood Drive,Charlotte NC 28201
sophiawrig,grG6ZjZ6Od57,Sophia,Wright,Forest Ave,Boston MA 02108
stormmll,cwCky6v5RJs9,Storm,Mller,Pine Street,Phoenix AZ 85001
sturlastr,TrQt9DoDnGPk,Sturla,Strmsnes,Highland Rd,Phoenix AZ 85001
leroylynch,ZDlpCsIgyteS,Leroy,Lynch,Hilltop Road,Phoenix AZ 85001
javierhuds,TDMJSDuWudmO,Javier,Hudson,Willow Lane,Portland OR 97201
olgaozuna,JJnQ3u6KEuRG,Olga,Ozuna,Evergreen Terrace,Chicago IL 60614
curtiswagn,8jqbOyovWOBu,Curtis,Wagner,Orchard St,Denver CO 80201
malikmacka,1W3Y889BchIS,Malik,Mackay,Valley View,Phoenix AZ 85001
marinaldad,m7ppaMYDtmg8,Marinalda,daConceio,Brookside Ave,Seattle WA 98101
florenceva,maMhbPHRqBJf,Florence,Vasquez,Canyon Rd,Chicago IL 60614
valmiranog,ZN5qtmdjAo1K,Valmira,Nogueira,Oakwood Drive,San Diego CA 92101
luismanue,7x582gBU7CHH,LuisManuel,Leyva,Hilltop Road,Los Angeles CA 90001
rubnvela,P34THGaem207,Rubn,Velasco,Parkside Dr,Boston MA 02108
adliabar,rIw3mApyJpoS,Adlia,Barbosa,Riverside Lane,Columbus OH 43201
consuelopa,MyPGb6uceuWQ,Consuelo,Parra,Oakwood Drive,San Francisco CA 94110
baljiwansa,xlKPhwk6v9XI,Baljiwan,Saldanha,Birch Court,Las Vegas NV 89101
samueltayl,ZfJOV9QDwiRg,Samuel,Taylor,Oakwood Drive,Miami FL 33101
anaburgos,53suQovLIE3K,Ana,Burgos,Orchard St,Boston MA 02108
alexcastil,iLtQjDSU7pV7,Alex,Castillo,Orchard St,Kansas City MO 64101
driesjepoo,DoO7YxIpHgeP,Driesje,Poot,Evergreen Terrace,Salt Lake City UT 84101
ellacook,iQIZviyJT1S3,Ella,Cook,Meadow Lane,Chicago IL 60614
olealilles,BnU9Ko34yY8j,Olea,Lillestl,Hilltop Road,Dallas TX 75201
eliaspeder,abArjhonE3Pa,Elias,Pedersen,Parkside Dr,Austin TX 73301
hasantenge,Z7YX8ext0S85,Hasan,Tengesdal,Oakwood Drive,Seattle WA 98101
amandinele,K2fbQKamCHOd,Amandine,Lecomte,Spruce Way,Atlanta GA 30301
curtiskuhn,o6P3DKon7Ead,Curtis,Kuhn,Spruce Way,Columbus OH 43201
mustafamal,G8wIc71d26BI,Mustafa,Malde,Sunnyhill Ln,Austin TX 73301
ostromirat,HA9fc6Ppyw0s,Ostromira,Teslenko,Oakwood Drive,Charlotte NC 28201
urielferna,muTCQoF54SWs,Uriel,Fernandes,Sunnyhill Ln,Chicago IL 60614
antoniosan,7FLxJh6SKgoz,Antonio,Sandner,Highland Rd,Minneapolis MN 55401
