username,password,firstName,lastName,address1,address2
macitmenem,bXiiOmSFpnyS,Macit,Menemenciolu,Willow Lane,Chicago IL 60614
nicklasmad,dELelV0lY34D,Nicklas,Madsen,Willow Lane,Portland OR 97201
hannaholt,DC2rPYaYgJix,Hanna,Holt,Parkside Dr,Boston MA 02108
eemilniska,BOA8BdtiCnwM,Eemil,Niska,Ridgeway Dr,Philadelphia PA 19101
galinami,ZSZvNlAlrf3Q,Galina,Mikovi,Spruce Way,Philadelphia PA 19101
brunoleroy,gMJeJicsv2mO,Bruno,Leroy,Highland Rd,San Diego CA 92101
silkepouls,GNkfkiiKSIgq,Silke,Poulsen,Maple Ave,Denver CO 80201
carolineel,1y6K9XWfOQEr,Caroline,Elliott,Spruce Way,Boston MA 02108
eljkatom,yd2YLxHCaTXG,eljka,Tomovi,Forest Ave,New York NY 10001
andyodonog,0XIingB4GEVR,Andy,Odonoghue,Meadow Lane,Seattle WA 98101
